{"constant": 0.9, "_timestamp": 1683497881.076041, "_runtime": 8027.960459947586, "_step": 31, "train/loss": 2.1081, "train/learning_rate": 0.0, "train/epoch": 0.0, "train/global_step": 10, "eval/loss": 2.2892749309539795, "eval/accuracy": 0.164, "eval/runtime": 787.567, "eval/samples_per_second": 1.27, "eval/steps_per_second": 1.27, "train/train_runtime": 8016.9078, "train/train_samples_per_second": 0.001, "train/train_steps_per_second": 0.001, "train/total_flos": 774975459041280.0, "train/train_loss": 2.279929208755493, "_wandb": {"runtime": 8027}}